<?xml version="1.0" encoding="UTF-8"?>
<!DOCTYPE configuration PUBLIC "-//mybatis.org//DTD Config 3.0//EN" "mybatis-3-config.dtd" >
<configuration>
    <settings>
        <setting name="jdbcTypeForNull" value="NULL"/>
    </settings>

    <!--
    <typeAliases>
        <typeAlias type="com.kh.spring.member.model.vo.Member" alias="Member"/>
        <typeAlias type="com.kh.spring.board.model.vo.Board" alias="Board"/>
        <typeAlias type="com.kh.spring.board.model.vo.Reply" alias="Reply"/>
    </typeAliases>

        environment, dataSource에 기술했던 db연결관련정보는 root-context.xml에 작성할 예정
        이유 => db등록은 서버 연동과 동시에 같이 이뤄져야하는데 spring은
        서버 스타트와 동시에 바로 읽혀지는 root-context.xml 문서에 기술할 예정
     -->

    <!--
    <mappers>
        <mapper resource="/mappers/member-mapper.xml"/>
        <mapper resource="/mappers/board-mapper.xml"/>
    </mappers>

        유의사항 : 미리 등록해두려면 해당 파일이 있어야한다.
        +)    : namespace까지도 지정이 돼있어야한다.
    -->



</configuration>
